date,state,fips,cases,deaths
2022-01-01,Alabama,01,896614,16455
2022-01-01,Alaska,02,156130,954
2022-01-01,American Samoa,60,11,0
2022-01-01,Arizona,04,1389708,24354
2022-01-01,Arkansas,05,570641,9180
2022-01-01,California,06,5515613,76709
2022-01-01,Colorado,08,933257,10480
2022-01-01,Connecticut,09,510188,9160
2022-01-01,Delaware,10,183880,2286
2022-01-01,District of Columbia,11,94286,1211
2022-01-01,Florida,12,4166392,62504
2022-01-01,Georgia,13,1798497,30283
2022-01-01,Guam,66,20576,271
2022-01-01,Hawaii,15,112283,1091
2022-01-01,Idaho,16,319442,4163
2022-01-01,Illinois,17,2154058,31017
2022-01-01,Indiana,18,1250565,19037
2022-01-01,Iowa,19,575501,7858
2022-01-01,Kansas,20,520500,7030
2022-01-01,Kentucky,21,866041,12149
2022-01-01,Louisiana,22,828695,14986
2022-01-01,Maine,23,146736,1531
2022-01-01,Maryland,24,700789,11758
2022-01-01,Massachusetts,25,1140614,20273
2022-01-01,Michigan,26,1706355,28984
2022-01-01,Minnesota,27,1022352,10656
2022-01-01,Mississippi,28,543737,10450
2022-01-01,Missouri,29,1023310,16227
2022-01-01,Montana,30,197784,2907
2022-01-01,Nebraska,31,338257,3336
2022-01-01,Nevada,32,501181,8420
2022-01-01,New Hampshire,33,198667,1961
2022-01-01,New Jersey,34,1596644,29053
2022-01-01,New Mexico,35,350043,5857
2022-01-01,New York,36,3555047,59072
2022-01-01,North Carolina,37,1685504,19436
2022-01-01,North Dakota,38,174671,2057
2022-01-01,Northern Mariana Islands,69,3287,14
2022-01-01,Ohio,39,2016095,29447
2022-01-01,Oklahoma,40,708938,11552
2022-01-01,Oregon,41,421263,5655
2022-01-01,Pennsylvania,42,2059613,36714
2022-01-01,Puerto Rico,72,305905,3308
2022-01-01,Rhode Island,44,231096,3066
2022-01-01,South Carolina,45,975320,14636
2022-01-01,South Dakota,46,179204,2486
2022-01-01,Tennessee,47,1379917,20640
2022-01-01,Texas,48,4578763,76062
2022-01-01,Utah,49,637144,3787
2022-01-01,Vermont,50,64447,471
2022-01-01,Virgin Islands,78,9055,89
2022-01-01,Virginia,51,1118518,15587
2022-01-01,Washington,53,852824,9904
2022-01-01,West Virginia,54,328162,5336
2022-01-01,Wisconsin,55,1120669,11173
2022-01-01,Wyoming,56,115638,1526
2022-01-02,Alabama,01,909541,16455
2022-01-02,Alaska,02,156130,954
2022-01-02,American Samoa,60,11,0
2022-01-02,Arizona,04,1390409,24355
2022-01-02,Arkansas,05,572822,9196
2022-01-02,California,06,5560323,76712
2022-01-02,Colorado,08,936422,10485
2022-01-02,Connecticut,09,510188,9160
2022-01-02,Delaware,10,186996,2286
2022-01-02,District of Columbia,11,94286,1211
2022-01-02,Florida,12,4166392,62504
2022-01-02,Georgia,13,1798497,30283
2022-01-02,Guam,66,20576,271
2022-01-02,Hawaii,15,115400,1091
2022-01-02,Idaho,16,319442,4163
2022-01-02,Illinois,17,2154058,31017
2022-01-02,Indiana,18,1250565,19037
2022-01-02,Iowa,19,575501,7858
2022-01-02,Kansas,20,520500,7030
2022-01-02,Kentucky,21,866894,12149
2022-01-02,Louisiana,22,828695,14986
2022-01-02,Maine,23,146736,1531
2022-01-02,Maryland,24,737437,11870
2022-01-02,Massachusetts,25,1140614,20273
2022-01-02,Michigan,26,1706355,28984
2022-01-02,Minnesota,27,1022352,10656
2022-01-02,Mississippi,28,543737,10450
2022-01-02,Missouri,29,1029231,16233
2022-01-02,Montana,30,197784,2907
2022-01-02,Nebraska,31,338257,3336
2022-01-02,Nevada,32,501181,8420
2022-01-02,New Hampshire,33,198667,1961
2022-01-02,New Jersey,34,1623096,29056
2022-01-02,New Mexico,35,350043,5857
2022-01-02,New York,36,3617589,59152
2022-01-02,North Carolina,37,1685504,19436
2022-01-02,North Dakota,38,174787,2057
2022-01-02,Northern Mariana Islands,69,3297,17
2022-01-02,Ohio,39,2053721,29447
2022-01-02,Oklahoma,40,708938,11552
2022-01-02,Oregon,41,421263,5655
2022-01-02,Pennsylvania,42,2077224,36715
2022-01-02,Puerto Rico,72,332003,3310
2022-01-02,Rhode Island,44,231096,3066
2022-01-02,South Carolina,45,975320,14636
2022-01-02,South Dakota,46,179204,2486
2022-01-02,Tennessee,47,1379917,20640
2022-01-02,Texas,48,4581606,76062
2022-01-02,Utah,49,637144,3787
2022-01-02,Vermont,50,64447,471
2022-01-02,Virgin Islands,78,9055,89
2022-01-02,Virginia,51,1118518,15587
2022-01-02,Washington,53,852824,9904
2022-01-02,West Virginia,54,328162,5336
2022-01-02,Wisconsin,55,1120669,11173
2022-01-02,Wyoming,56,115638,1526
2022-01-03,Alabama,01,913603,16455
2022-01-03,Alaska,02,159019,955
2022-01-03,American Samoa,60,11,0
2022-01-03,Arizona,04,1404601,24355
2022-01-03,Arkansas,05,574572,9221
2022-01-03,California,06,5606685,76745
2022-01-03,Colorado,08,959215,10509
2022-01-03,Connecticut,09,533866,9210
2022-01-03,Delaware,10,189382,2286
2022-01-03,District of Columbia,11,103487,1218
2022-01-03,Florida,12,4166392,62504
2022-01-03,Georgia,13,1798497,30283
2022-01-03,Guam,66,20576,271
2022-01-03,Hawaii,15,118330,1091
2022-01-03,Idaho,16,320862,4170
2022-01-03,Illinois,17,2243215,31212
2022-01-03,Indiana,18,1282001,19084
2022-01-03,Iowa,19,575501,7858
2022-01-03,Kansas,20,534978,7072
2022-01-03,Kentucky,21,885062,12267
2022-01-03,Louisiana,22,859856,15001
2022-01-03,Maine,23,146736,1531
2022-01-03,Maryland,24,751688,11896
2022-01-03,Massachusetts,25,1173704,20315
2022-01-03,Michigan,26,1771160,29307
2022-01-03,Minnesota,27,1029126,10704
2022-01-03,Mississippi,28,561262,10455
2022-01-03,Missouri,29,1049387,16237
2022-01-03,Montana,30,198769,2909
2022-01-03,Nebraska,31,344392,3338
2022-01-03,Nevada,32,514344,8428
2022-01-03,New Hampshire,33,203749,1973
2022-01-03,New Jersey,34,1644839,29073
2022-01-03,New Mexico,35,357480,5868
2022-01-03,New York,36,3678042,59240
2022-01-03,North Carolina,37,1732706,19467
2022-01-03,North Dakota,38,175145,2057
2022-01-03,Northern Mariana Islands,69,3334,18
2022-01-03,Ohio,39,2072663,29447
2022-01-03,Oklahoma,40,716851,11552
2022-01-03,Oregon,41,430931,5666
2022-01-03,Pennsylvania,42,2101019,36799
2022-01-03,Puerto Rico,72,336714,3314
2022-01-03,Rhode Island,44,231096,3066
2022-01-03,South Carolina,45,975320,14636
2022-01-03,South Dakota,46,179983,2494
2022-01-03,Tennessee,47,1419217,20691
2022-01-03,Texas,48,4746508,76280
2022-01-03,Utah,49,651898,3804
2022-01-03,Vermont,50,67226,480
2022-01-03,Virgin Islands,78,10290,89
2022-01-03,Virginia,51,1160703,15615
2022-01-03,Washington,53,883675,9908
2022-01-03,West Virginia,54,337326,5356
2022-01-03,Wisconsin,55,1132362,11185
2022-01-03,Wyoming,56,116643,1526
2022-01-04,Alabama,01,921175,16496
2022-01-04,Alaska,02,159019,955
2022-01-04,American Samoa,60,11,0
2022-01-04,Arizona,04,1411813,24509
2022-01-04,Arkansas,05,581134,9248
2022-01-04,California,06,5748437,76821
2022-01-04,Colorado,08,967513,10546
2022-01-04,Connecticut,09,544468,9274
2022-01-04,Delaware,10,191649,2286
2022-01-04,District of Columbia,11,105493,1220
2022-01-04,Florida,12,4360178,62541
2022-01-04,Georgia,13,1860683,30332
2022-01-04,Guam,66,20576,271
2022-01-04,Hawaii,15,119830,1091
2022-01-04,Idaho,16,322584,4189
2022-01-04,Illinois,17,2267641,31312
2022-01-04,Indiana,18,1290307,19256
2022-01-04,Iowa,19,587386,7858
2022-01-04,Kansas,20,535130,7072
2022-01-04,Kentucky,21,891654,12287
2022-01-04,Louisiana,22,869146,15018
2022-01-04,Maine,23,148217,1556
2022-01-04,Maryland,24,766182,11944
2022-01-04,Massachusetts,25,1192549,20410
2022-01-04,Michigan,26,1771200,29307
2022-01-04,Minnesota,27,1045310,10740
2022-01-04,Mississippi,28,566102,10492
2022-01-04,Missouri,29,1057092,16408
2022-01-04,Montana,30,199737,2912
2022-01-04,Nebraska,31,346860,3344
2022-01-04,Nevada,32,517246,8468
2022-01-04,New Hampshire,33,204897,2004
2022-01-04,New Jersey,34,1674453,29151
2022-01-04,New Mexico,35,359116,5899
2022-01-04,New York,36,3729331,59339
2022-01-04,North Carolina,37,1743469,19504
2022-01-04,North Dakota,38,176374,2060
2022-01-04,Northern Mariana Islands,69,3392,18
2022-01-04,Ohio,39,2093074,29674
2022-01-04,Oklahoma,40,720961,11552
2022-01-04,Oregon,41,435453,5710
2022-01-04,Pennsylvania,42,2122986,36968
2022-01-04,Puerto Rico,72,338600,3318
2022-01-04,Rhode Island,44,247324,3096
2022-01-04,South Carolina,45,1011271,14674
2022-01-04,South Dakota,46,183030,2498
2022-01-04,Tennessee,47,1427973,20741
2022-01-04,Texas,48,4800498,76347
2022-01-04,Utah,49,656553,3811
2022-01-04,Vermont,50,68957,480
2022-01-04,Virgin Islands,78,10714,89
2022-01-04,Virginia,51,1176159,15622
2022-01-04,Washington,53,891639,9956
2022-01-04,West Virginia,54,339679,5361
2022-01-04,Wisconsin,55,1142291,11246
2022-01-04,Wyoming,56,117389,1572
2022-01-05,Alabama,01,932250,16503
2022-01-05,Alaska,02,159019,955
2022-01-05,American Samoa,60,11,0
2022-01-05,Arizona,04,1419562,24570
2022-01-05,Arkansas,05,588622,9256
2022-01-05,California,06,5807748,76967
2022-01-05,Colorado,08,975431,10566
2022-01-05,Connecticut,09,554812,9281
2022-01-05,Delaware,10,192968,2286
2022-01-05,District of Columbia,11,106819,1222
2022-01-05,Florida,12,4419665,62542
2022-01-05,Georgia,13,1883128,30353
2022-01-05,Guam,66,21057,274
2022-01-05,Hawaii,15,122385,1091
2022-01-05,Idaho,16,324035,4194
2022-01-05,Illinois,17,2299850,31416
2022-01-05,Indiana,18,1303201,19296
2022-01-05,Iowa,19,596296,8019
2022-01-05,Kansas,20,550127,7090
2022-01-05,Kentucky,21,901534,12317
2022-01-05,Louisiana,22,879549,15027
2022-01-05,Maine,23,149543,1582
2022-01-05,Maryland,24,776468,11993
2022-01-05,Massachusetts,25,1223354,20464
2022-01-05,Michigan,26,1804085,29624
2022-01-05,Minnesota,27,1049450,10811
2022-01-05,Mississippi,28,572694,10503
2022-01-05,Missouri,29,1070390,16449
2022-01-05,Montana,30,200846,2916
2022-01-05,Nebraska,31,349523,3373
2022-01-05,Nevada,32,520948,8488
2022-01-05,New Hampshire,33,208073,2013
2022-01-05,New Jersey,34,1711738,29209
2022-01-05,New Mexico,35,361629,5935
2022-01-05,New York,36,3804480,59485
2022-01-05,North Carolina,37,1763388,19552
2022-01-05,North Dakota,38,177857,2068
2022-01-05,Northern Mariana Islands,69,3453,18
2022-01-05,Ohio,39,2112824,29674
2022-01-05,Oklahoma,40,724875,11647
2022-01-05,Oregon,41,441648,5719
2022-01-05,Pennsylvania,42,2150286,37111
2022-01-05,Puerto Rico,72,346363,3324
2022-01-05,Rhode Island,44,253192,3107
2022-01-05,South Carolina,45,1018435,14715
2022-01-05,South Dakota,46,185284,2507
2022-01-05,Tennessee,47,1427973,20741
2022-01-05,Texas,48,4848294,76446
2022-01-05,Utah,49,663801,3855
2022-01-05,Vermont,50,69762,482
2022-01-05,Virgin Islands,78,10714,89
2022-01-05,Virginia,51,1186887,15631
2022-01-05,Washington,53,902887,9962
2022-01-05,West Virginia,54,342607,5372
2022-01-05,Wisconsin,55,1156051,11319
2022-01-05,Wyoming,56,118098,1572
2022-01-06,Alabama,01,944876,16543
2022-01-06,Alaska,02,160056,955
2022-01-06,American Samoa,60,11,0
2022-01-06,Arizona,04,1430241,24586
2022-01-06,Arkansas,05,596409,9278
2022-01-06,California,06,5892644,77042
2022-01-06,Colorado,08,984170,10611
2022-01-06,Connecticut,09,563635,9281
2022-01-06,Delaware,10,195600,2286
2022-01-06,District of Columbia,11,108112,1225
2022-01-06,Florida,12,4486276,62622
2022-01-06,Georgia,13,1896287,30417
2022-01-06,Guam,66,21320,274
2022-01-06,Hawaii,15,127085,1095
2022-01-06,Idaho,16,325795,4224
2022-01-06,Illinois,17,2343834,31536
2022-01-06,Indiana,18,1318412,19448
2022-01-06,Iowa,19,596296,8019
2022-01-06,Kansas,20,550374,7093
2022-01-06,Kentucky,21,913003,12351
2022-01-06,Louisiana,22,893626,15038
2022-01-06,Maine,23,150845,1592
2022-01-06,Maryland,24,789204,12048
2022-01-06,Massachusetts,25,1250765,20510
2022-01-06,Michigan,26,1804085,29624
2022-01-06,Minnesota,27,1056376,10873
2022-01-06,Mississippi,28,579773,10511
2022-01-06,Missouri,29,1083838,16478
2022-01-06,Montana,30,202038,2917
2022-01-06,Nebraska,31,353056,3416
2022-01-06,Nevada,32,523627,8506
2022-01-06,New Hampshire,33,211952,2017
2022-01-06,New Jersey,34,1744002,29315
2022-01-06,New Mexico,35,364861,5971
2022-01-06,New York,36,3884858,59631
2022-01-06,North Carolina,37,1787010,19596
2022-01-06,North Dakota,38,179206,2072
2022-01-06,Northern Mariana Islands,69,3518,18
2022-01-06,Ohio,39,2132266,29674
2022-01-06,Oklahoma,40,731155,11647
2022-01-06,Oregon,41,449267,5728
2022-01-06,Pennsylvania,42,2179312,37366
2022-01-06,Puerto Rico,72,360923,3338
2022-01-06,Rhode Island,44,260110,3112
2022-01-06,South Carolina,45,1035256,14745
2022-01-06,South Dakota,46,187467,2520
2022-01-06,Tennessee,47,1443374,20787
2022-01-06,Texas,48,4893970,76569
2022-01-06,Utah,49,672714,3868
2022-01-06,Vermont,50,71942,482
2022-01-06,Virgin Islands,78,11160,89
2022-01-06,Virginia,51,1202727,15642
2022-01-06,Washington,53,919085,10027
2022-01-06,West Virginia,54,347554,5392
2022-01-06,Wisconsin,55,1170736,11376
2022-01-06,Wyoming,56,119093,1572
2022-01-07,Alabama,01,957848,16585
2022-01-07,Alaska,02,164255,956
2022-01-07,American Samoa,60,11,0
2022-01-07,Arizona,04,1445129,24616
2022-01-07,Arkansas,05,604843,9298
2022-01-07,California,06,6003256,77231
2022-01-07,Colorado,08,994404,10633
2022-01-07,Connecticut,09,573711,9377
2022-01-07,Delaware,10,198507,2330
2022-01-07,District of Columbia,11,110040,1227
2022-01-07,Florida,12,4563163,62688
2022-01-07,Georgia,13,1925143,30478
2022-01-07,Guam,66,21563,275
2022-01-07,Hawaii,15,130605,1098
2022-01-07,Idaho,16,327122,4236
2022-01-07,Illinois,17,2386672,31660
2022-01-07,Indiana,18,1333147,19614
2022-01-07,Iowa,19,596296,8019
2022-01-07,Kansas,20,566401,7124
2022-01-07,Kentucky,21,922708,12390
2022-01-07,Louisiana,22,908428,15054
2022-01-07,Maine,23,152173,1599
2022-01-07,Maryland,24,800982,12107
2022-01-07,Massachusetts,25,1279928,20568
2022-01-07,Michigan,26,1850791,29920
2022-01-07,Minnesota,27,1064205,10906
2022-01-07,Mississippi,28,586547,10527
2022-01-07,Missouri,29,1096061,16492
2022-01-07,Montana,30,203192,2918
2022-01-07,Nebraska,31,355928,3456
2022-01-07,Nevada,32,528892,8510
2022-01-07,New Hampshire,33,214572,2019
2022-01-07,New Jersey,34,1782463,29374
2022-01-07,New Mexico,35,369113,5985
2022-01-07,New York,36,3966952,59827
2022-01-07,North Carolina,37,1812597,19629
2022-01-07,North Dakota,38,180691,2073
2022-01-07,Northern Mariana Islands,69,3561,19
2022-01-07,Ohio,39,2151829,30072
2022-01-07,Oklahoma,40,737593,11647
2022-01-07,Oregon,41,459700,5761
2022-01-07,Pennsylvania,42,2206899,37522
2022-01-07,Puerto Rico,72,373722,3357
2022-01-07,Rhode Island,44,266066,3121
2022-01-07,South Carolina,45,1048252,14746
2022-01-07,South Dakota,46,189411,2522
2022-01-07,Tennessee,47,1461058,20824
2022-01-07,Texas,48,4947742,76676
2022-01-07,Utah,49,682182,3887
2022-01-07,Vermont,50,73802,482
2022-01-07,Virgin Islands,78,11160,89
2022-01-07,Virginia,51,1221036,15651
2022-01-07,Washington,53,935391,10067
2022-01-07,West Virginia,54,351688,5421
2022-01-07,Wisconsin,55,1186069,11402
2022-01-07,Wyoming,56,119857,1572
2022-01-08,Alabama,01,966180,16624
2022-01-08,Alaska,02,164255,956
2022-01-08,American Samoa,60,11,0
2022-01-08,Arizona,04,1461633,24704
2022-01-08,Arkansas,05,613014,9314
2022-01-08,California,06,6037652,77248
2022-01-08,Colorado,08,996960,10635
2022-01-08,Connecticut,09,573711,9377
2022-01-08,Delaware,10,202236,2365
2022-01-08,District of Columbia,11,110040,1227
2022-01-08,Florida,12,4633077,62688
2022-01-08,Georgia,13,1925143,30478
2022-01-08,Guam,66,21563,275
2022-01-08,Hawaii,15,134753,1099
2022-01-08,Idaho,16,327509,4238
2022-01-08,Illinois,17,2386672,31660
2022-01-08,Indiana,18,1333147,19614
2022-01-08,Iowa,19,608000,8019
2022-01-08,Kansas,20,566401,7124
2022-01-08,Kentucky,21,925307,12390
2022-01-08,Louisiana,22,908428,15054
2022-01-08,Maine,23,153376,1603
2022-01-08,Maryland,24,813929,12158
2022-01-08,Massachusetts,25,1279928,20568
2022-01-08,Michigan,26,1850791,29920
2022-01-08,Minnesota,27,1064205,10906
2022-01-08,Mississippi,28,586547,10527
2022-01-08,Missouri,29,1107462,16510
2022-01-08,Montana,30,203192,2918
2022-01-08,Nebraska,31,355928,3468
2022-01-08,Nevada,32,528892,8510
2022-01-08,New Hampshire,33,214572,2019
2022-01-08,New Jersey,34,1815163,29444
2022-01-08,New Mexico,35,369113,5985
2022-01-08,New York,36,4057084,59913
2022-01-08,North Carolina,37,1812902,19629
2022-01-08,North Dakota,38,181621,2074
2022-01-08,Northern Mariana Islands,69,3598,19
2022-01-08,Ohio,39,2170139,30072
2022-01-08,Oklahoma,40,737593,11647
2022-01-08,Oregon,41,459700,5761
2022-01-08,Pennsylvania,42,2240549,37642
2022-01-08,Puerto Rico,72,380339,3361
2022-01-08,Rhode Island,44,266066,3121
2022-01-08,South Carolina,45,1048252,14746
2022-01-08,South Dakota,46,189411,2522
2022-01-08,Tennessee,47,1480651,20853
2022-01-08,Texas,48,4996914,76770
2022-01-08,Utah,49,682182,3887
2022-01-08,Vermont,50,76421,483
2022-01-08,Virgin Islands,78,11160,89
2022-01-08,Virginia,51,1221036,15651
2022-01-08,Washington,53,935391,10067
2022-01-08,West Virginia,54,355872,5421
2022-01-08,Wisconsin,55,1186069,11402
2022-01-08,Wyoming,56,119857,1572
2022-01-09,Alabama,01,978632,16624
2022-01-09,Alaska,02,164255,956
2022-01-09,American Samoa,60,11,0
2022-01-09,Arizona,04,1477483,24773
2022-01-09,Arkansas,05,613014,9314
2022-01-09,California,06,6083283,77260
2022-01-09,Colorado,08,999357,10637
2022-01-09,Connecticut,09,573711,9377
2022-01-09,Delaware,10,205640,2365
2022-01-09,District of Columbia,11,110040,1227
2022-01-09,Florida,12,4633077,62688
2022-01-09,Georgia,13,1925143,30478
2022-01-09,Guam,66,21563,275
2022-01-09,Hawaii,15,139262,1102
2022-01-09,Idaho,16,327509,4238
2022-01-09,Illinois,17,2386672,31660
2022-01-09,Indiana,18,1333147,19614
2022-01-09,Iowa,19,608000,8019
2022-01-09,Kansas,20,566401,7124
2022-01-09,Kentucky,21,927231,12390
2022-01-09,Louisiana,22,908428,15054
2022-01-09,Maine,23,153376,1603
2022-01-09,Maryland,24,831182,12211
2022-01-09,Massachusetts,25,1279928,20568
2022-01-09,Michigan,26,1850791,29920
2022-01-09,Minnesota,27,1064205,10906
2022-01-09,Mississippi,28,586547,10527
2022-01-09,Missouri,29,1114122,16513
2022-01-09,Montana,30,203192,2918
2022-01-09,Nebraska,31,355928,3468
2022-01-09,Nevada,32,528892,8510
2022-01-09,New Hampshire,33,214572,2019
2022-01-09,New Jersey,34,1843677,29456
2022-01-09,New Mexico,35,369113,5985
2022-01-09,New York,36,4136861,60083
2022-01-09,North Carolina,37,1812902,19629
2022-01-09,North Dakota,38,182583,2074
2022-01-09,Northern Mariana Islands,69,3647,20
2022-01-09,Ohio,39,2189228,30072
2022-01-09,Oklahoma,40,737593,11647
2022-01-09,Oregon,41,459700,5761
2022-01-09,Pennsylvania,42,2265232,37665
2022-01-09,Puerto Rico,72,388878,3373
2022-01-09,Rhode Island,44,266066,3121
2022-01-09,South Carolina,45,1048252,14746
2022-01-09,South Dakota,46,189411,2522
2022-01-09,Tennessee,47,1480651,20853
2022-01-09,Texas,48,5037218,76811
2022-01-09,Utah,49,682182,3887
2022-01-09,Vermont,50,76673,483
2022-01-09,Virgin Islands,78,12138,89
2022-01-09,Virginia,51,1221036,15651
2022-01-09,Washington,53,935391,10067
2022-01-09,West Virginia,54,357980,5421
2022-01-09,Wisconsin,55,1186069,11402
2022-01-09,Wyoming,56,119857,1572
2022-01-10,Alabama,01,984882,16624
2022-01-10,Alaska,02,167509,956
2022-01-10,American Samoa,60,11,0
2022-01-10,Arizona,04,1491420,24773
2022-01-10,Arkansas,05,622069,9333
2022-01-10,California,06,6311255,77412
2022-01-10,Colorado,08,1041809,10668
2022-01-10,Connecticut,09,605116,9377
2022-01-10,Delaware,10,208340,2365
2022-01-10,District of Columbia,11,116278,1233
2022-01-10,Florida,12,4759073,62810
2022-01-10,Georgia,13,1974978,30506
2022-01-10,Guam,66,21563,275
2022-01-10,Hawaii,15,143089,1102
2022-01-10,Idaho,16,329023,4239
2022-01-10,Illinois,17,2464150,31916
2022-01-10,Indiana,18,1370535,19796
2022-01-10,Iowa,19,608000,8019
2022-01-10,Kansas,20,580016,7144
2022-01-10,Kentucky,21,941397,12453
2022-01-10,Louisiana,22,937447,15073
2022-01-10,Maine,23,153376,1603
2022-01-10,Maryland,24,840865,12258
2022-01-10,Massachusetts,25,1344643,20643
2022-01-10,Michigan,26,1899802,29979
2022-01-10,Minnesota,27,1075168,10950
2022-01-10,Mississippi,28,603031,10543
2022-01-10,Missouri,29,1124371,16515
2022-01-10,Montana,30,205179,2922
2022-01-10,Nebraska,31,363641,3468
2022-01-10,Nevada,32,546842,8528
2022-01-10,New Hampshire,33,223599,2027
2022-01-10,New Jersey,34,1866733,29494
2022-01-10,New Mexico,35,378363,6022
2022-01-10,New York,36,4194745,60162
2022-01-10,North Carolina,37,1886590,19695
2022-01-10,North Dakota,38,183058,2074
2022-01-10,Northern Mariana Islands,69,3665,20
2022-01-10,Ohio,39,2207270,30072
2022-01-10,Oklahoma,40,764651,11647
2022-01-10,Oregon,41,478203,5779
2022-01-10,Pennsylvania,42,2295089,37686
2022-01-10,Puerto Rico,72,395758,3373
2022-01-10,Rhode Island,44,279831,3136
2022-01-10,South Carolina,45,1094226,14793
2022-01-10,South Dakota,46,191094,2528
2022-01-10,Tennessee,47,1480651,20853
2022-01-10,Texas,48,5085074,76839
2022-01-10,Utah,49,706329,3907
2022-01-10,Vermont,50,76673,483
2022-01-10,Virgin Islands,78,12605,89
2022-01-10,Virginia,51,1278739,15671
2022-01-10,Washington,53,981826,10087
2022-01-10,West Virginia,54,360269,5445
2022-01-10,Wisconsin,55,1219471,11475
2022-01-10,Wyoming,56,121519,1572
2022-01-11,Alabama,01,993418,16630
2022-01-11,Alaska,02,167509,956
2022-01-11,American Samoa,60,11,0
2022-01-11,Arizona,04,1505580,24986
2022-01-11,Arkansas,05,629825,9358
2022-01-11,California,06,6447667,77447
2022-01-11,Colorado,08,1065172,10726
2022-01-11,Connecticut,09,611867,9435
2022-01-11,Delaware,10,210437,2373
2022-01-11,District of Columbia,11,117586,1237
2022-01-11,Florida,12,4806782,62813
2022-01-11,Georgia,13,1999095,30551
2022-01-11,Guam,66,21563,275
2022-01-11,Hawaii,15,146000,1102
2022-01-11,Idaho,16,331339,4244
2022-01-11,Illinois,17,2492045,32028
2022-01-11,Indiana,18,1382348,19908
2022-01-11,Iowa,19,619061,8019
2022-01-11,Kansas,20,580720,7144
2022-01-11,Kentucky,21,950389,12462
2022-01-11,Louisiana,22,949941,15102
2022-01-11,Maine,23,155155,1623
2022-01-11,Maryland,24,850558,12328
2022-01-11,Massachusetts,25,1365608,20763
2022-01-11,Michigan,26,1899802,29979
2022-01-11,Minnesota,27,1104634,10978
2022-01-11,Mississippi,28,608768,10563
2022-01-11,Missouri,29,1136678,16722
2022-01-11,Montana,30,206771,2928
2022-01-11,Nebraska,31,367878,3486
2022-01-11,Nevada,32,552259,8561
2022-01-11,New Hampshire,33,226132,2032
2022-01-11,New Jersey,34,1892142,29634
2022-01-11,New Mexico,35,381295,6047
2022-01-11,New York,36,4244155,60428
2022-01-11,North Carolina,37,1904215,19716
2022-01-11,North Dakota,38,184658,2079
2022-01-11,Northern Mariana Islands,69,3698,20
2022-01-11,Ohio,39,2226881,30435
2022-01-11,Oklahoma,40,769662,11647
2022-01-11,Oregon,41,486202,5814
2022-01-11,Pennsylvania,42,2321087,37899
2022-01-11,Puerto Rico,72,397704,3393
2022-01-11,Rhode Island,44,284907,3144
2022-01-11,South Carolina,45,1102603,14803
2022-01-11,South Dakota,46,195204,2528
2022-01-11,Tennessee,47,1514839,20920
2022-01-11,Texas,48,5141662,76949
2022-01-11,Utah,49,716154,3922
2022-01-11,Vermont,50,76673,483
2022-01-11,Virgin Islands,78,12953,90
2022-01-11,Virginia,51,1295420,15715
2022-01-11,Washington,53,996084,10100
2022-01-11,West Virginia,54,362777,5452
2022-01-11,Wisconsin,55,1234510,11527
2022-01-11,Wyoming,56,122754,1588
2022-01-12,Alabama,01,1004622,16641
2022-01-12,Alaska,02,172018,961
2022-01-12,American Samoa,60,11,0
2022-01-12,Arizona,04,1524363,24992
2022-01-12,Arkansas,05,640799,9372
2022-01-12,California,06,6556829,77595
2022-01-12,Colorado,08,1079375,10760
2022-01-12,Connecticut,09,619185,9442
2022-01-12,Delaware,10,213993,2377
2022-01-12,District of Columbia,11,118802,1240
2022-01-12,Florida,12,4878524,62819
2022-01-12,Georgia,13,2017520,30603
2022-01-12,Guam,66,21563,275
2022-01-12,Hawaii,15,149460,1107
2022-01-12,Idaho,16,334167,4261
2022-01-12,Illinois,17,2526835,32187
2022-01-12,Indiana,18,1397361,20035
2022-01-12,Iowa,19,631301,8201
2022-01-12,Kansas,20,602585,7172
2022-01-12,Kentucky,21,961883,12483
2022-01-12,Louisiana,22,967533,15116
2022-01-12,Maine,23,156532,1623
2022-01-12,Maryland,24,861593,12415
2022-01-12,Massachusetts,25,1389904,20835
2022-01-12,Michigan,26,1935508,30377
2022-01-12,Minnesota,27,1115338,11027
2022-01-12,Mississippi,28,616972,10589
2022-01-12,Missouri,29,1150130,16754
2022-01-12,Montana,30,208576,2934
2022-01-12,Nebraska,31,371654,3495
2022-01-12,Nevada,32,558529,8584
2022-01-12,New Hampshire,33,229373,2032
2022-01-12,New Jersey,34,1915417,29737
2022-01-12,New Mexico,35,388207,6075
2022-01-12,New York,36,4299066,60638
2022-01-12,North Carolina,37,1928584,19774
2022-01-12,North Dakota,38,187573,2086
2022-01-12,Northern Mariana Islands,69,3751,20
2022-01-12,Ohio,39,2246974,30435
2022-01-12,Oklahoma,40,775169,11741
2022-01-12,Oregon,41,494945,5845
2022-01-12,Pennsylvania,42,2351028,38103
2022-01-12,Puerto Rico,72,407286,3421
2022-01-12,Rhode Island,44,290634,3151
2022-01-12,South Carolina,45,1114781,14848
2022-01-12,South Dakota,46,197912,2534
2022-01-12,Tennessee,47,1528301,20978
2022-01-12,Texas,48,5215557,77094
2022-01-12,Utah,49,726374,3936
2022-01-12,Vermont,50,81987,490
2022-01-12,Virgin Islands,78,12953,90
2022-01-12,Virginia,51,1315256,15750
2022-01-12,Washington,53,1013375,10175
2022-01-12,West Virginia,54,367217,5481
2022-01-12,Wisconsin,55,1252891,11559
2022-01-12,Wyoming,56,123743,1588
2022-01-13,Alabama,01,1004622,16641
2022-01-13,Alaska,02,172018,961
2022-01-13,American Samoa,60,11,0
2022-01-13,Arizona,04,1542936,25002
2022-01-13,Arkansas,05,653789,9390
2022-01-13,California,06,6716565,77839
2022-01-13,Colorado,08,1094475,10790
2022-01-13,Connecticut,09,628789,9442
2022-01-13,Delaware,10,218486,2380
2022-01-13,District of Columbia,11,120327,1245
2022-01-13,Florida,12,4933518,63081
2022-01-13,Georgia,13,2040258,30673
2022-01-13,Guam,66,23448,275
2022-01-13,Hawaii,15,152811,1111
2022-01-13,Idaho,16,336524,4264
2022-01-13,Illinois,17,2563715,32356
2022-01-13,Indiana,18,1413825,20123
2022-01-13,Iowa,19,631301,8201
2022-01-13,Kansas,20,603054,7174
2022-01-13,Kentucky,21,971837,12508
2022-01-13,Louisiana,22,982465,15127
2022-01-13,Maine,23,158087,1626
2022-01-13,Maryland,24,872182,12480
2022-01-13,Massachusetts,25,1411613,20872
2022-01-13,Michigan,26,1935508,30377
2022-01-13,Minnesota,27,1126837,11079
2022-01-13,Mississippi,28,625328,10606
2022-01-13,Missouri,29,1165922,16771
2022-01-13,Montana,30,210412,2936
2022-01-13,Nebraska,31,376695,3527
2022-01-13,Nevada,32,565911,8606
2022-01-13,New Hampshire,33,233508,2051
2022-01-13,New Jersey,34,1939089,29853
2022-01-13,New Mexico,35,393736,6111
2022-01-13,New York,36,4361115,60876
2022-01-13,North Carolina,37,1965349,19861
2022-01-13,North Dakota,38,190189,2088
2022-01-13,Northern Mariana Islands,69,3802,20
2022-01-13,Ohio,39,2266236,30435
2022-01-13,Oklahoma,40,785671,11741
2022-01-13,Oregon,41,504731,5870
2022-01-13,Pennsylvania,42,2377252,38253
2022-01-13,Puerto Rico,72,418738,3446
2022-01-13,Rhode Island,44,296304,3163
2022-01-13,South Carolina,45,1132825,14880
2022-01-13,South Dakota,46,200496,2544
2022-01-13,Tennessee,47,1541183,21024
2022-01-13,Texas,48,5287761,77212
2022-01-13,Utah,49,739364,3943
2022-01-13,Vermont,50,83994,490
2022-01-13,Virgin Islands,78,13401,91
2022-01-13,Virginia,51,1334198,15785
2022-01-13,Washington,53,1030529,10226
2022-01-13,West Virginia,54,372674,5503
2022-01-13,Wisconsin,55,1270126,11593
2022-01-13,Wyoming,56,124986,1588
2022-01-14,Alabama,01,1004622,16641
2022-01-14,Alaska,02,177474,963
2022-01-14,American Samoa,60,11,0
2022-01-14,Arizona,04,1563193,25068
2022-01-14,Arkansas,05,664194,9413
2022-01-14,California,06,6832478,77940
2022-01-14,Colorado,08,1107965,10826
2022-01-14,Connecticut,09,637572,9556
2022-01-14,Delaware,10,221811,2396
2022-01-14,District of Columbia,11,121871,1255
2022-01-14,Florida,12,4992579,63158
2022-01-14,Georgia,13,2059446,30723
2022-01-14,Guam,66,23886,275
2022-01-14,Hawaii,15,155839,1114
2022-01-14,Idaho,16,339780,4271
2022-01-14,Illinois,17,2593378,32532
2022-01-14,Indiana,18,1429683,20226
2022-01-14,Iowa,19,631301,8201
2022-01-14,Kansas,20,621643,7194
2022-01-14,Kentucky,21,984233,12536
2022-01-14,Louisiana,22,996623,15137
2022-01-14,Maine,23,159498,1644
2022-01-14,Maryland,24,882170,12551
2022-01-14,Massachusetts,25,1426283,20939
2022-01-14,Michigan,26,1978771,30674
2022-01-14,Minnesota,27,1138386,11111
2022-01-14,Mississippi,28,634628,10625
2022-01-14,Missouri,29,1176175,16800
2022-01-14,Montana,30,212592,2947
2022-01-14,Nebraska,31,383915,3540
2022-01-14,Nevada,32,572769,8627
2022-01-14,New Hampshire,33,235898,2079
2022-01-14,New Jersey,34,1962198,29959
2022-01-14,New Mexico,35,398939,6147
2022-01-14,New York,36,4408467,61099
2022-01-14,North Carolina,37,1999696,19914
2022-01-14,North Dakota,38,192284,2091
2022-01-14,Northern Mariana Islands,69,3868,21
2022-01-14,Ohio,39,2307691,30922
2022-01-14,Oklahoma,40,796986,11741
2022-01-14,Oregon,41,513391,5883
2022-01-14,Pennsylvania,42,2403053,38426
2022-01-14,Puerto Rico,72,431947,3473
2022-01-14,Rhode Island,44,302109,3175
2022-01-14,South Carolina,45,1153125,14914
2022-01-14,South Dakota,46,203137,2559
2022-01-14,Tennessee,47,1557580,21091
2022-01-14,Texas,48,5408781,77347
2022-01-14,Utah,49,750492,3951
2022-01-14,Vermont,50,86311,493
2022-01-14,Virgin Islands,78,13521,91
2022-01-14,Virginia,51,1351417,15803
2022-01-14,Washington,53,1046371,10286
2022-01-14,West Virginia,54,377735,5516
2022-01-14,Wisconsin,55,1297618,11649
2022-01-14,Wyoming,56,126468,1588
2022-01-15,Alabama,01,1004622,16641
2022-01-15,Alaska,02,177474,963
2022-01-15,American Samoa,60,11,0
2022-01-15,Arizona,04,1588155,25171
2022-01-15,Arkansas,05,675790,9430
2022-01-15,California,06,6874405,77966
2022-01-15,Colorado,08,1107965,10826
2022-01-15,Connecticut,09,637572,9556
2022-01-15,Delaware,10,225094,2424
2022-01-15,District of Columbia,11,121871,1255
2022-01-15,Florida,12,5041918,63158
2022-01-15,Georgia,13,2059446,30723
2022-01-15,Guam,66,23886,275
2022-01-15,Hawaii,15,161766,1120
2022-01-15,Idaho,16,340945,4275
2022-01-15,Illinois,17,2593378,32532
2022-01-15,Indiana,18,1429683,20226
2022-01-15,Iowa,19,645410,8201
2022-01-15,Kansas,20,621643,7194
2022-01-15,Kentucky,21,985252,12536
2022-01-15,Louisiana,22,996623,15137
2022-01-15,Maine,23,160857,1658
2022-01-15,Maryland,24,892052,12608
2022-01-15,Massachusetts,25,1426283,20939
2022-01-15,Michigan,26,1978771,30674
2022-01-15,Minnesota,27,1138386,11111
2022-01-15,Mississippi,28,634628,10625
2022-01-15,Missouri,29,1193393,16822
2022-01-15,Montana,30,212592,2947
2022-01-15,Nebraska,31,383915,3540
2022-01-15,Nevada,32,572769,8627
2022-01-15,New Hampshire,33,235898,2079
2022-01-15,New Jersey,34,1979057,30079
2022-01-15,New Mexico,35,398939,6147
2022-01-15,New York,36,4456337,61193
2022-01-15,North Carolina,37,2001087,19914
2022-01-15,North Dakota,38,194523,2092
2022-01-15,Northern Mariana Islands,69,3905,21
2022-01-15,Ohio,39,2357990,30922
2022-01-15,Oklahoma,40,796986,11741
2022-01-15,Oregon,41,513391,5883
2022-01-15,Pennsylvania,42,2425456,38611
2022-01-15,Puerto Rico,72,440722,3493
2022-01-15,Rhode Island,44,302109,3175
2022-01-15,South Carolina,45,1153125,14914
2022-01-15,South Dakota,46,203137,2559
2022-01-15,Tennessee,47,1578888,21268
2022-01-15,Texas,48,5472025,77467
2022-01-15,Utah,49,750492,3951
2022-01-15,Vermont,50,88104,497
2022-01-15,Virgin Islands,78,13521,91
2022-01-15,Virginia,51,1351417,15803
2022-01-15,Washington,53,1046371,10286
2022-01-15,West Virginia,54,382958,5516
2022-01-15,Wisconsin,55,1297618,11649
2022-01-15,Wyoming,56,126468,1588
2022-01-16,Alabama,01,1056478,16734
2022-01-16,Alaska,02,177474,963
2022-01-16,American Samoa,60,11,0
2022-01-16,Arizona,04,1609792,25211
2022-01-16,Arkansas,05,681176,9434
2022-01-16,California,06,6919509,78017
2022-01-16,Colorado,08,1112509,10836
2022-01-16,Connecticut,09,637572,9556
2022-01-16,Delaware,10,227594,2424
2022-01-16,District of Columbia,11,121871,1255
2022-01-16,Florida,12,5041918,63158
2022-01-16,Georgia,13,2059446,30723
2022-01-16,Guam,66,24287,275
2022-01-16,Hawaii,15,165622,1123
2022-01-16,Idaho,16,340945,4275
2022-01-16,Illinois,17,2593378,32532
2022-01-16,Indiana,18,1429683,20226
2022-01-16,Iowa,19,645410,8201
2022-01-16,Kansas,20,621643,7194
2022-01-16,Kentucky,21,990378,12536
2022-01-16,Louisiana,22,996623,15137
2022-01-16,Maine,23,160857,1658
2022-01-16,Maryland,24,899922,12666
2022-01-16,Massachusetts,25,1426283,20939
2022-01-16,Michigan,26,1978771,30674
2022-01-16,Minnesota,27,1138386,11111
2022-01-16,Mississippi,28,634628,10625
2022-01-16,Missouri,29,1193420,16822
2022-01-16,Montana,30,212592,2947
2022-01-16,Nebraska,31,383915,3540
2022-01-16,Nevada,32,572769,8627
2022-01-16,New Hampshire,33,235898,2079
2022-01-16,New Jersey,34,1994502,30089
2022-01-16,New Mexico,35,398939,6147
2022-01-16,New York,36,4507601,61259
2022-01-16,North Carolina,37,2001087,19914
2022-01-16,North Dakota,38,195590,2092
2022-01-16,Northern Mariana Islands,69,3905,21
2022-01-16,Ohio,39,2384107,30922
2022-01-16,Oklahoma,40,796986,11741
2022-01-16,Oregon,41,513391,5883
2022-01-16,Pennsylvania,42,2458722,38619
2022-01-16,Puerto Rico,72,446191,3511
2022-01-16,Rhode Island,44,302109,3175
2022-01-16,South Carolina,45,1153125,14914
2022-01-16,South Dakota,46,203137,2559
2022-01-16,Tennessee,47,1578888,21268
2022-01-16,Texas,48,5522176,77516
2022-01-16,Utah,49,750492,3951
2022-01-16,Vermont,50,90668,497
2022-01-16,Virgin Islands,78,13521,91
2022-01-16,Virginia,51,1351417,15803
2022-01-16,Washington,53,1046371,10286
2022-01-16,West Virginia,54,387115,5516
2022-01-16,Wisconsin,55,1297618,11649
2022-01-16,Wyoming,56,126468,1588
2022-01-17,Alabama,01,1064536,16734
2022-01-17,Alaska,02,177474,963
2022-01-17,American Samoa,60,11,0
2022-01-17,Arizona,04,1621858,25212
2022-01-17,Arkansas,05,684776,9437
2022-01-17,California,06,7140744,78142
2022-01-17,Colorado,08,1136916,10869
2022-01-17,Connecticut,09,653416,9554
2022-01-17,Delaware,10,229759,2424
2022-01-17,District of Columbia,11,121871,1255
2022-01-17,Florida,12,5041918,63158
2022-01-17,Georgia,13,2093467,30791
2022-01-17,Guam,66,24550,275
2022-01-17,Hawaii,15,170259,1123
2022-01-17,Idaho,16,340945,4275
2022-01-17,Illinois,17,2593378,32532
2022-01-17,Indiana,18,1466269,20308
2022-01-17,Iowa,19,645410,8201
2022-01-17,Kansas,20,621649,7194
2022-01-17,Kentucky,21,992243,12536
2022-01-17,Louisiana,22,996623,15137
2022-01-17,Maine,23,160857,1658
2022-01-17,Maryland,24,906460,12718
2022-01-17,Massachusetts,25,1426283,20939
2022-01-17,Michigan,26,1978771,30674
2022-01-17,Minnesota,27,1138386,11111
2022-01-17,Mississippi,28,634628,10625
2022-01-17,Missouri,29,1193421,16822
2022-01-17,Montana,30,212592,2947
2022-01-17,Nebraska,31,392027,3540
2022-01-17,Nevada,32,572769,8627
2022-01-17,New Hampshire,33,235898,2079
2022-01-17,New Jersey,34,2003580,30120
2022-01-17,New Mexico,35,398939,6147
2022-01-17,New York,36,4534373,61522
2022-01-17,North Carolina,37,2001087,19914
2022-01-17,North Dakota,38,196344,2092
2022-01-17,Northern Mariana Islands,69,3971,21
2022-01-17,Ohio,39,2403645,30922
2022-01-17,Oklahoma,40,839143,11741
2022-01-17,Oregon,41,513391,5883
2022-01-17,Pennsylvania,42,2474466,38619
2022-01-17,Puerto Rico,72,452033,3520
2022-01-17,Rhode Island,44,313700,3188
2022-01-17,South Carolina,45,1153125,14914
2022-01-17,South Dakota,46,203137,2559
2022-01-17,Tennessee,47,1578888,21268
2022-01-17,Texas,48,5590444,77519
2022-01-17,Utah,49,750492,3951
2022-01-17,Vermont,50,90668,497
2022-01-17,Virgin Islands,78,13760,91
2022-01-17,Virginia,51,1397155,15814
2022-01-17,Washington,53,1046371,10286
2022-01-17,West Virginia,54,390788,5535
2022-01-17,Wisconsin,55,1380805,11712
2022-01-17,Wyoming,56,126468,1588
2022-01-18,Alabama,01,1071264,16734
2022-01-18,Alaska,02,177474,963
2022-01-18,American Samoa,60,11,0
2022-01-18,Arizona,04,1645694,25395
2022-01-18,Arkansas,05,687989,9452
2022-01-18,California,06,7215028,78224
2022-01-18,Colorado,08,1148600,10879
2022-01-18,Connecticut,09,657680,9564
2022-01-18,Delaware,10,230876,2424
2022-01-18,District of Columbia,11,125707,1260
2022-01-18,Florida,12,5153539,63455
2022-01-18,Georgia,13,2105254,30822
2022-01-18,Guam,66,24550,275
2022-01-18,Hawaii,15,176439,1123
2022-01-18,Idaho,16,344842,4284
2022-01-18,Illinois,17,2686801,32851
2022-01-18,Indiana,18,1478101,20385
2022-01-18,Iowa,19,657146,8201
2022-01-18,Kansas,20,622960,7200
2022-01-18,Kentucky,21,1025593,12626
2022-01-18,Louisiana,22,1025748,15195
2022-01-18,Maine,23,161395,1658
2022-01-18,Maryland,24,909675,12786
2022-01-18,Massachusetts,25,1487277,20999
2022-01-18,Michigan,26,1979106,30674
2022-01-18,Minnesota,27,1149028,11140
2022-01-18,Mississippi,28,657084,10642
2022-01-18,Missouri,29,1219753,16847
2022-01-18,Montana,30,216626,2958
2022-01-18,Nebraska,31,396990,3543
2022-01-18,Nevada,32,596497,8654
2022-01-18,New Hampshire,33,250581,2085
2022-01-18,New Jersey,34,2014702,30170
2022-01-18,New Mexico,35,420192,6179
2022-01-18,New York,36,4556685,61859
2022-01-18,North Carolina,37,2122402,20011
2022-01-18,North Dakota,38,199259,2093
2022-01-18,Northern Mariana Islands,69,4014,21
2022-01-18,Ohio,39,2418792,31245
2022-01-18,Oklahoma,40,842996,11741
2022-01-18,Oregon,41,541415,5892
2022-01-18,Pennsylvania,42,2490929,38655
2022-01-18,Puerto Rico,72,452531,3542
2022-01-18,Rhode Island,44,317344,3200
2022-01-18,South Carolina,45,1225570,15015
2022-01-18,South Dakota,46,205402,2560
2022-01-18,Tennessee,47,1625651,21504
2022-01-18,Texas,48,5644397,77659
2022-01-18,Utah,49,790375,3979
2022-01-18,Vermont,50,92198,499
2022-01-18,Virgin Islands,78,13901,94
2022-01-18,Virginia,51,1407403,15822
2022-01-18,Washington,53,1110011,10310
2022-01-18,West Virginia,54,392737,5561
2022-01-18,Wisconsin,55,1400573,11758
2022-01-18,Wyoming,56,130553,1601
2022-01-19,Alabama,01,1088370,16756
2022-01-19,Alaska,02,187655,1027
2022-01-19,American Samoa,60,18,0
2022-01-19,Arizona,04,1666191,25416
2022-01-19,Arkansas,05,702483,9462
2022-01-19,California,06,7324358,78325
2022-01-19,Colorado,08,1157189,10921
2022-01-19,Connecticut,09,662425,9670
2022-01-19,Delaware,10,232132,2440
2022-01-19,District of Columbia,11,126187,1263
2022-01-19,Florida,12,5196718,63458
2022-01-19,Georgia,13,2131602,30859
2022-01-19,Guam,66,26002,277
2022-01-19,Hawaii,15,180337,1123
2022-01-19,Idaho,16,349062,4294
2022-01-19,Illinois,17,2713231,33052
2022-01-19,Indiana,18,1494314,20500
2022-01-19,Iowa,19,669705,8317
2022-01-19,Kansas,20,660951,7326
2022-01-19,Kentucky,21,1038614,12668
2022-01-19,Louisiana,22,1037249,15246
2022-01-19,Maine,23,162940,1688
2022-01-19,Maryland,24,913716,12866
2022-01-19,Massachusetts,25,1503398,21208
2022-01-19,Michigan,26,2077405,31239
2022-01-19,Minnesota,27,1193644,11177
2022-01-19,Mississippi,28,665544,10690
2022-01-19,Missouri,29,1234661,16996
2022-01-19,Montana,30,218634,2965
2022-01-19,Nebraska,31,402489,3548
2022-01-19,Nevada,32,601682,8688
2022-01-19,New Hampshire,33,251441,2109
2022-01-19,New Jersey,34,2025616,30315
2022-01-19,New Mexico,35,425920,6207
2022-01-19,New York,36,4580060,62117
2022-01-19,North Carolina,37,2141873,20049
2022-01-19,North Dakota,38,202379,2102
2022-01-19,Northern Mariana Islands,69,4067,21
2022-01-19,Ohio,39,2439205,31245
2022-01-19,Oklahoma,40,852997,11873
2022-01-19,Oregon,41,549942,5908
2022-01-19,Pennsylvania,42,2506602,38767
2022-01-19,Puerto Rico,72,456836,3563
2022-01-19,Rhode Island,44,320617,3215
2022-01-19,South Carolina,45,1236732,15029
2022-01-19,South Dakota,46,211885,2573
2022-01-19,Tennessee,47,1634078,21506
2022-01-19,Texas,48,5700444,77809
2022-01-19,Utah,49,802939,3997
2022-01-19,Vermont,50,93492,507
2022-01-19,Virgin Islands,78,13901,94
2022-01-19,Virginia,51,1419883,15835
2022-01-19,Washington,53,1123865,10336
2022-01-19,West Virginia,54,396343,5576
2022-01-19,Wisconsin,55,1415127,11825
2022-01-19,Wyoming,56,132145,1601
2022-01-20,Alabama,01,1104356,16792
2022-01-20,Alaska,02,187655,1027
2022-01-20,American Samoa,60,18,0
2022-01-20,Arizona,04,1683915,25429
2022-01-20,Arkansas,05,713643,9470
2022-01-20,California,06,7487212,78529
2022-01-20,Colorado,08,1173241,10955
2022-01-20,Connecticut,09,667230,9683
2022-01-20,Delaware,10,233843,2450
2022-01-20,District of Columbia,11,126675,1264
2022-01-20,Florida,12,5242386,63569
2022-01-20,Georgia,13,2152991,30982
2022-01-20,Guam,66,26726,277
2022-01-20,Hawaii,15,186148,1132
2022-01-20,Idaho,16,352509,4319
2022-01-20,Illinois,17,2736601,33278
2022-01-20,Indiana,18,1510684,20637
2022-01-20,Iowa,19,669705,8317
2022-01-20,Kansas,20,660951,7326
2022-01-20,Kentucky,21,1051719,12692
2022-01-20,Louisiana,22,1050080,15283
2022-01-20,Maine,23,164324,1691
2022-01-20,Maryland,24,922613,12936
2022-01-20,Massachusetts,25,1519783,21295
2022-01-20,Michigan,26,2077405,31239
2022-01-20,Minnesota,27,1205069,11255
2022-01-20,Mississippi,28,673873,10707
2022-01-20,Missouri,29,1250937,17024
2022-01-20,Montana,30,220699,2967
2022-01-20,Nebraska,31,407804,3562
2022-01-20,Nevada,32,607857,8709
2022-01-20,New Hampshire,33,254715,2123
2022-01-20,New Jersey,34,2037690,30476
2022-01-20,New Mexico,35,431887,6231
2022-01-20,New York,36,4610691,62319
2022-01-20,North Carolina,37,2167626,20119
2022-01-20,North Dakota,38,205384,2107
2022-01-20,Northern Mariana Islands,69,4119,21
2022-01-20,Ohio,39,2460869,31245
2022-01-20,Oklahoma,40,866403,11873
2022-01-20,Oregon,41,559960,5916
2022-01-20,Pennsylvania,42,2523956,39093
2022-01-20,Puerto Rico,72,461190,3593
2022-01-20,Rhode Island,44,324234,3224
2022-01-20,South Carolina,45,1249632,15053
2022-01-20,South Dakota,46,214473,2582
2022-01-20,Tennessee,47,1650587,21603
2022-01-20,Texas,48,5746859,77986
2022-01-20,Utah,49,814547,4019
2022-01-20,Vermont,50,93492,507
2022-01-20,Virgin Islands,78,14028,94
2022-01-20,Virginia,51,1434686,15853
2022-01-20,Washington,53,1141184,10425
2022-01-20,West Virginia,54,401796,5590
2022-01-20,Wisconsin,55,1433460,11867
2022-01-20,Wyoming,56,133495,1601
2022-01-21,Alabama,01,1120881,16824
2022-01-21,Alaska,02,194133,1027
2022-01-21,American Samoa,60,18,0
2022-01-21,Arizona,04,1701949,25502
2022-01-21,Arkansas,05,726716,9484
2022-01-21,California,06,7621774,78700
2022-01-21,Colorado,08,1186421,10974
2022-01-21,Connecticut,09,671674,9769
2022-01-21,Delaware,10,236022,2457
2022-01-21,District of Columbia,11,127200,1267
2022-01-21,Florida,12,5281000,63763
2022-01-21,Georgia,13,2171163,31066
2022-01-21,Guam,66,26726,277
2022-01-21,Hawaii,15,190551,1134
2022-01-21,Idaho,16,356265,4325
2022-01-21,Illinois,17,2777353,33446
2022-01-21,Indiana,18,1528366,20751
2022-01-21,Iowa,19,669705,8317
2022-01-21,Kansas,20,681740,7352
2022-01-21,Kentucky,21,1067360,12719
2022-01-21,Louisiana,22,1060022,15324
2022-01-21,Maine,23,165691,1693
2022-01-21,Maryland,24,927349,13003
2022-01-21,Massachusetts,25,1535986,21402
2022-01-21,Michigan,26,2118580,31466
2022-01-21,Minnesota,27,1216874,11291
2022-01-21,Mississippi,28,681382,10721
2022-01-21,Missouri,29,1266288,17245
2022-01-21,Montana,30,222716,2980
2022-01-21,Nebraska,31,413056,3569
2022-01-21,Nevada,32,614505,8736
2022-01-21,New Hampshire,33,257793,2135
2022-01-21,New Jersey,34,2049573,30618
2022-01-21,New Mexico,35,437934,6261
2022-01-21,New York,36,4638987,62543
2022-01-21,North Carolina,37,2204205,20204
2022-01-21,North Dakota,38,208047,2114
2022-01-21,Northern Mariana Islands,69,4166,21
2022-01-21,Ohio,39,2480566,31987
2022-01-21,Oklahoma,40,880342,11873
2022-01-21,Oregon,41,570892,5936
2022-01-21,Pennsylvania,42,2542816,39362
2022-01-21,Puerto Rico,72,466116,3631
2022-01-21,Rhode Island,44,327109,3240
2022-01-21,South Carolina,45,1265710,15108
2022-01-21,South Dakota,46,216656,2601
2022-01-21,Tennessee,47,1672693,21672
2022-01-21,Texas,48,5813105,78171
2022-01-21,Utah,49,826149,4030
2022-01-21,Vermont,50,96415,514
2022-01-21,Virgin Islands,78,14028,94
2022-01-21,Virginia,51,1451713,15853
2022-01-21,Washington,53,1157736,10474
2022-01-21,West Virginia,54,407131,5609
2022-01-21,Wisconsin,55,1446213,11946
2022-01-21,Wyoming,56,135369,1601
2022-01-22,Alabama,01,1137387,16826
2022-01-22,Alaska,02,194133,1027
2022-01-22,American Samoa,60,18,0
2022-01-22,Arizona,04,1729630,25557
2022-01-22,Arkansas,05,734834,9498
2022-01-22,California,06,7660930,78775
2022-01-22,Colorado,08,1186421,10974
2022-01-22,Connecticut,09,671674,9769
2022-01-22,Delaware,10,238501,2480
2022-01-22,District of Columbia,11,127200,1267
2022-01-22,Florida,12,5303818,63763
2022-01-22,Georgia,13,2171163,31066
2022-01-22,Guam,66,26726,277
2022-01-22,Hawaii,15,194451,1139
2022-01-22,Idaho,16,358143,4324
2022-01-22,Illinois,17,2777353,33446
2022-01-22,Indiana,18,1528366,20751
2022-01-22,Iowa,19,682363,8317
2022-01-22,Kansas,20,681740,7352
2022-01-22,Kentucky,21,1070343,12719
2022-01-22,Louisiana,22,1060022,15324
2022-01-22,Maine,23,166898,1698
2022-01-22,Maryland,24,932195,13069
2022-01-22,Massachusetts,25,1535986,21402
2022-01-22,Michigan,26,2118580,31466
2022-01-22,Minnesota,27,1216874,11291
2022-01-22,Mississippi,28,681382,10721
2022-01-22,Missouri,29,1275226,17253
2022-01-22,Montana,30,222716,2980
2022-01-22,Nebraska,31,413056,3569
2022-01-22,Nevada,32,614505,8736
2022-01-22,New Hampshire,33,257793,2135
2022-01-22,New Jersey,34,2058497,30746
2022-01-22,New Mexico,35,437934,6261
2022-01-22,New York,36,4666630,62632
2022-01-22,North Carolina,37,2204205,20204
2022-01-22,North Dakota,38,210525,2116
2022-01-22,Northern Mariana Islands,69,4208,22
2022-01-22,Ohio,39,2496243,31987
2022-01-22,Oklahoma,40,893913,11873
2022-01-22,Oregon,41,570892,5936
2022-01-22,Pennsylvania,42,2560167,39487
2022-01-22,Puerto Rico,72,471981,3673
2022-01-22,Rhode Island,44,327109,3240
2022-01-22,South Carolina,45,1265710,15108
2022-01-22,South Dakota,46,216656,2601
2022-01-22,Tennessee,47,1694357,21812
2022-01-22,Texas,48,5876122,78326
2022-01-22,Utah,49,826149,4030
2022-01-22,Vermont,50,97994,514
2022-01-22,Virgin Islands,78,14028,94
2022-01-22,Virginia,51,1451713,15853
2022-01-22,Washington,53,1157641,10474
2022-01-22,West Virginia,54,413631,5609
2022-01-22,Wisconsin,55,1446213,11946
2022-01-22,Wyoming,56,135369,1601
2022-01-23,Alabama,01,1147194,16826
2022-01-23,Alaska,02,194133,1027
2022-01-23,American Samoa,60,18,0
2022-01-23,Arizona,04,1752552,25623
2022-01-23,Arkansas,05,738638,9510
2022-01-23,California,06,7688422,78839
2022-01-23,Colorado,08,1186421,10974
2022-01-23,Connecticut,09,671674,9769
2022-01-23,Delaware,10,240179,2480
2022-01-23,District of Columbia,11,127200,1267
2022-01-23,Florida,12,5303818,63763
2022-01-23,Georgia,13,2171163,31066
2022-01-23,Guam,66,26726,277
2022-01-23,Hawaii,15,197582,1143
2022-01-23,Idaho,16,358143,4324
2022-01-23,Illinois,17,2777353,33446
2022-01-23,Indiana,18,1528366,20751
2022-01-23,Iowa,19,682363,8317
2022-01-23,Kansas,20,681740,7352
2022-01-23,Kentucky,21,1071699,12719
2022-01-23,Louisiana,22,1060022,15324
2022-01-23,Maine,23,166899,1698
2022-01-23,Maryland,24,935874,13123
2022-01-23,Massachusetts,25,1535986,21402
2022-01-23,Michigan,26,2118580,31466
2022-01-23,Minnesota,27,1216874,11291
2022-01-23,Mississippi,28,681382,10721
2022-01-23,Missouri,29,1281125,17254
2022-01-23,Montana,30,222716,2980
2022-01-23,Nebraska,31,413056,3569
2022-01-23,Nevada,32,614505,8736
2022-01-23,New Hampshire,33,257793,2135
2022-01-23,New Jersey,34,2067692,30759
2022-01-23,New Mexico,35,437934,6261
2022-01-23,New York,36,4686169,62853
2022-01-23,North Carolina,37,2204205,20204
2022-01-23,North Dakota,38,211087,2116
2022-01-23,Northern Mariana Islands,69,4246,22
2022-01-23,Ohio,39,2506175,31987
2022-01-23,Oklahoma,40,893913,11873
2022-01-23,Oregon,41,570892,5936
2022-01-23,Pennsylvania,42,2572500,39538
2022-01-23,Puerto Rico,72,475695,3696
2022-01-23,Rhode Island,44,327109,3240
2022-01-23,South Carolina,45,1265710,15108
2022-01-23,South Dakota,46,216656,2601
2022-01-23,Tennessee,47,1694357,21812
2022-01-23,Texas,48,5934240,78388
2022-01-23,Utah,49,826149,4030
2022-01-23,Vermont,50,99109,514
2022-01-23,Virgin Islands,78,14028,94
2022-01-23,Virginia,51,1451713,15853
2022-01-23,Washington,53,1157551,10474
2022-01-23,West Virginia,54,418887,5609
2022-01-23,Wisconsin,55,1446213,11946
2022-01-23,Wyoming,56,135369,1601
2022-01-24,Alabama,01,1153149,16826
2022-01-24,Alaska,02,199765,1046
2022-01-24,American Samoa,60,18,0
2022-01-24,Arizona,04,1767302,25624
2022-01-24,Arkansas,05,741881,9532
2022-01-24,California,06,7904252,79001
2022-01-24,Colorado,08,1213405,11069
2022-01-24,Connecticut,09,683731,9774
2022-01-24,Delaware,10,241367,2480
2022-01-24,District of Columbia,11,128550,1275
2022-01-24,Florida,12,5347828,64002
2022-01-24,Georgia,13,2210225,31157
2022-01-24,Guam,66,28838,281
2022-01-24,Hawaii,15,200209,1143
2022-01-24,Idaho,16,361216,4333
2022-01-24,Illinois,17,2841994,33803
2022-01-24,Indiana,18,1563959,20796
2022-01-24,Iowa,19,682363,8317
2022-01-24,Kansas,20,696021,7371
2022-01-24,Kentucky,21,1096736,12781
2022-01-24,Louisiana,22,1076385,15374
2022-01-24,Maine,23,166899,1698
2022-01-24,Maryland,24,938568,13158
2022-01-24,Massachusetts,25,1563019,21514
2022-01-24,Michigan,26,2162649,31503
2022-01-24,Minnesota,27,1229584,11333
2022-01-24,Mississippi,28,694093,10734
2022-01-24,Missouri,29,1291197,17270
2022-01-24,Montana,30,227801,2987
2022-01-24,Nebraska,31,421423,3569
2022-01-24,Nevada,32,630343,8760
2022-01-24,New Hampshire,33,265140,2145
2022-01-24,New Jersey,34,2072536,30799
2022-01-24,New Mexico,35,452616,6294
2022-01-24,New York,36,4698835,62960
2022-01-24,North Carolina,37,2286259,20299
2022-01-24,North Dakota,38,211087,2116
2022-01-24,Northern Mariana Islands,69,4265,22
2022-01-24,Ohio,39,2515949,31987
2022-01-24,Oklahoma,40,914063,11873
2022-01-24,Oregon,41,590270,5953
2022-01-24,Pennsylvania,42,2581831,39560
2022-01-24,Puerto Rico,72,477924,3704
2022-01-24,Rhode Island,44,332961,3253
2022-01-24,South Carolina,45,1265710,15108
2022-01-24,South Dakota,46,218543,2606
2022-01-24,Tennessee,47,1694357,21812
2022-01-24,Texas,48,5973164,78450
2022-01-24,Utah,49,848121,4063
2022-01-24,Vermont,50,99651,521
2022-01-24,Virgin Islands,78,14478,97
2022-01-24,Virginia,51,1481294,15948
2022-01-24,Washington,53,1205574,10529
2022-01-24,West Virginia,54,422265,5645
2022-01-24,Wisconsin,55,1470418,12010
2022-01-24,Wyoming,56,137873,1601
2022-01-25,Alabama,01,1153149,16826
2022-01-25,Alaska,02,199765,1046
2022-01-25,American Samoa,60,18,0
2022-01-25,Arizona,04,1781274,25624
2022-01-25,Arkansas,05,749824,9556
2022-01-25,California,06,7984924,79118
2022-01-25,Colorado,08,1220668,11141
2022-01-25,Connecticut,09,687555,9773
2022-01-25,Delaware,10,242324,2489
2022-01-25,District of Columbia,11,128739,1278
2022-01-25,Florida,12,5383094,64005
2022-01-25,Georgia,13,2226193,31246
2022-01-25,Guam,66,28838,281
2022-01-25,Hawaii,15,202064,1143
2022-01-25,Idaho,16,364732,4348
2022-01-25,Illinois,17,2855818,33942
2022-01-25,Indiana,18,1573690,20928
2022-01-25,Iowa,19,693914,8317
2022-01-25,Kansas,20,696206,7372
2022-01-25,Kentucky,21,1110029,12803
2022-01-25,Louisiana,22,1084448,15476
2022-01-25,Maine,23,168474,1714
2022-01-25,Maryland,24,940968,13233
2022-01-25,Massachusetts,25,1571650,21669
2022-01-25,Michigan,26,2162649,31503
2022-01-25,Minnesota,27,1265075,11370
2022-01-25,Mississippi,28,699002,10755
2022-01-25,Missouri,29,1300582,17309
2022-01-25,Montana,30,230690,2989
2022-01-25,Nebraska,31,425610,3604
2022-01-25,Nevada,32,633955,8797
2022-01-25,New Hampshire,33,266000,2170
2022-01-25,New Jersey,34,2078258,30950
2022-01-25,New Mexico,35,455947,6319
2022-01-25,New York,36,4714703,63264
2022-01-25,North Carolina,37,2304741,20345
2022-01-25,North Dakota,38,214506,2125
2022-01-25,Northern Mariana Islands,69,4344,22
2022-01-25,Ohio,39,2520112,32489
2022-01-25,Oklahoma,40,922873,11873
2022-01-25,Oregon,41,597172,5994
2022-01-25,Pennsylvania,42,2593360,39749
2022-01-25,Puerto Rico,72,478221,3731
2022-01-25,Rhode Island,44,334581,3263
2022-01-25,South Carolina,45,1265710,15108
2022-01-25,South Dakota,46,221372,2609
2022-01-25,Tennessee,47,1739070,21947
2022-01-25,Texas,48,6018220,78599
2022-01-25,Utah,49,854723,4073
2022-01-25,Vermont,50,100092,523
2022-01-25,Virgin Islands,78,14521,97
2022-01-25,Virginia,51,1491993,16002
2022-01-25,Washington,53,1212396,10543
2022-01-25,West Virginia,54,425013,5650
2022-01-25,Wisconsin,55,1477557,12113
2022-01-25,Wyoming,56,139461,1625
2022-01-26,Alabama,01,1153149,16826
2022-01-26,Alaska,02,205239,1053
2022-01-26,American Samoa,60,18,0
2022-01-26,Arizona,04,1799503,25899
2022-01-26,Arkansas,05,756385,9577
2022-01-26,California,06,8055410,79353
2022-01-26,Colorado,08,1228298,11170
2022-01-26,Connecticut,09,690350,9901
2022-01-26,Delaware,10,243202,2493
2022-01-26,District of Columbia,11,129108,1280
2022-01-26,Florida,12,5420755,64007
2022-01-26,Georgia,13,2243070,31354
2022-01-26,Guam,66,30447,284
2022-01-26,Hawaii,15,204085,1146
2022-01-26,Idaho,16,368798,4359
2022-01-26,Illinois,17,2871541,34131
2022-01-26,Indiana,18,1578651,21056
2022-01-26,Iowa,19,703366,8501
2022-01-26,Kansas,20,710303,7423
2022-01-26,Kentucky,21,1124483,12834
2022-01-26,Louisiana,22,1145245,15523
2022-01-26,Maine,23,169998,1716
2022-01-26,Maryland,24,943869,13280
2022-01-26,Massachusetts,25,1580605,21752
2022-01-26,Michigan,26,2197862,31948
2022-01-26,Minnesota,27,1280640,11422
2022-01-26,Mississippi,28,705598,10774
2022-01-26,Missouri,29,1310814,17345
2022-01-26,Montana,30,233508,2992
2022-01-26,Nebraska,31,428949,3632
2022-01-26,Nevada,32,638931,8837
2022-01-26,New Hampshire,33,267800,2173
2022-01-26,New Jersey,34,2085385,31093
2022-01-26,New Mexico,35,460062,6359
2022-01-26,New York,36,4730351,63505
2022-01-26,North Carolina,37,2324946,20455
2022-01-26,North Dakota,38,216861,2135
2022-01-26,Northern Mariana Islands,69,4440,22
2022-01-26,Ohio,39,2540864,32489
2022-01-26,Oklahoma,40,931033,12044
2022-01-26,Oregon,41,605363,6048
2022-01-26,Pennsylvania,42,2605439,39932
2022-01-26,Puerto Rico,72,482153,3754
2022-01-26,Rhode Island,44,337659,3275
2022-01-26,South Carolina,45,1328450,15155
2022-01-26,South Dakota,46,222880,2623
2022-01-26,Tennessee,47,1755055,22034
2022-01-26,Texas,48,6048954,78887
2022-01-26,Utah,49,862216,4091
2022-01-26,Vermont,50,100621,527
2022-01-26,Virgin Islands,78,14689,98
2022-01-26,Virginia,51,1503119,16052
2022-01-26,Washington,53,1258525,10660
2022-01-26,West Virginia,54,429016,5674
2022-01-26,Wisconsin,55,1486162,12155
2022-01-26,Wyoming,56,141090,1625
2022-01-27,Alabama,01,1153149,16826
2022-01-27,Alaska,02,205239,1053
2022-01-27,American Samoa,60,18,0
2022-01-27,Arizona,04,1813796,25932
2022-01-27,Arkansas,05,762401,9599
2022-01-27,California,06,8172855,79643
2022-01-27,Colorado,08,1236045,11205
2022-01-27,Connecticut,09,693386,9908
2022-01-27,Delaware,10,244730,2494
2022-01-27,District of Columbia,11,129479,1282
2022-01-27,Florida,12,5448288,64635
2022-01-27,Georgia,13,2262919,31457
2022-01-27,Guam,66,31190,285
2022-01-27,Hawaii,15,206405,1156
2022-01-27,Idaho,16,372579,4367
2022-01-27,Illinois,17,2886267,34298
2022-01-27,Indiana,18,1590856,21165
2022-01-27,Iowa,19,703366,8501
2022-01-27,Kansas,20,710503,7426
2022-01-27,Kentucky,21,1137611,12872
2022-01-27,Louisiana,22,1152818,15570
2022-01-27,Maine,23,171524,1728
2022-01-27,Maryland,24,947125,13334
2022-01-27,Massachusetts,25,1590302,21839
2022-01-27,Michigan,26,2197862,31948
2022-01-27,Minnesota,27,1295267,11489
2022-01-27,Mississippi,28,712133,10806
2022-01-27,Missouri,29,1320944,17361
2022-01-27,Montana,30,236699,2992
2022-01-27,Nebraska,31,432564,3657
2022-01-27,Nevada,32,643695,8875
2022-01-27,New Hampshire,33,270063,2193
2022-01-27,New Jersey,34,2092109,31208
2022-01-27,New Mexico,35,465244,6393
2022-01-27,New York,36,4747515,63697
2022-01-27,North Carolina,37,2352472,20532
2022-01-27,North Dakota,38,219007,2137
2022-01-27,Northern Mariana Islands,69,4564,23
2022-01-27,Ohio,39,2552972,32489
2022-01-27,Oklahoma,40,944461,12044
2022-01-27,Oregon,41,613221,6067
2022-01-27,Pennsylvania,42,2622134,40257
2022-01-27,Puerto Rico,72,483880,3773
2022-01-27,Rhode Island,44,339571,3288
2022-01-27,South Carolina,45,1338384,15181
2022-01-27,South Dakota,46,224238,2628
2022-01-27,Tennessee,47,1771127,22091
2022-01-27,Texas,48,6083750,79111
2022-01-27,Utah,49,869249,4097
2022-01-27,Vermont,50,102153,529
2022-01-27,Virgin Islands,78,14756,98
2022-01-27,Virginia,51,1514862,16088
2022-01-27,Washington,53,1265006,10659
2022-01-27,West Virginia,54,434221,5697
2022-01-27,Wisconsin,55,1495474,12216
2022-01-27,Wyoming,56,143129,1625
2022-01-28,Alabama,01,1153149,16826
2022-01-28,Alaska,02,211117,1057
2022-01-28,American Samoa,60,18,0
2022-01-28,Arizona,04,1829406,26001
2022-01-28,Arkansas,05,768061,9622
2022-01-28,California,06,8248681,79934
2022-01-28,Colorado,08,1245392,11259
2022-01-28,Connecticut,09,696070,9985
2022-01-28,Delaware,10,246037,2498
2022-01-28,District of Columbia,11,129817,1284
2022-01-28,Florida,12,5478894,64955
2022-01-28,Georgia,13,2281370,31595
2022-01-28,Guam,66,32007,286
2022-01-28,Hawaii,15,208253,1161
2022-01-28,Idaho,16,376095,4400
2022-01-28,Illinois,17,2901790,34439
2022-01-28,Indiana,18,1607951,21301
2022-01-28,Iowa,19,703366,8501
2022-01-28,Kansas,20,723285,7550
2022-01-28,Kentucky,21,1152288,12905
2022-01-28,Louisiana,22,1160130,15631
2022-01-28,Maine,23,172952,1733
2022-01-28,Maryland,24,950136,13387
2022-01-28,Massachusetts,25,1598451,21909
2022-01-28,Michigan,26,2229405,32159
2022-01-28,Minnesota,27,1309815,11532
2022-01-28,Mississippi,28,717666,10831
2022-01-28,Missouri,29,1330080,17392
2022-01-28,Montana,30,239559,2997
2022-01-28,Nebraska,31,435358,3666
2022-01-28,Nevada,32,648088,8914
2022-01-28,New Hampshire,33,272492,2205
2022-01-28,New Jersey,34,2102227,31320
2022-01-28,New Mexico,35,470513,6419
2022-01-28,New York,36,4761590,63910
2022-01-28,North Carolina,37,2373587,20605
2022-01-28,North Dakota,38,221072,2140
2022-01-28,Northern Mariana Islands,69,4692,23
2022-01-28,Ohio,39,2562412,33071
2022-01-28,Oklahoma,40,953116,12044
2022-01-28,Oregon,41,620653,6086
2022-01-28,Pennsylvania,42,2637080,40394
2022-01-28,Puerto Rico,72,487284,3809
2022-01-28,Rhode Island,44,341407,3302
2022-01-28,South Carolina,45,1355116,15266
2022-01-28,South Dakota,46,225383,2637
2022-01-28,Tennessee,47,1785235,22158
2022-01-28,Texas,48,6122432,79324
2022-01-28,Utah,49,875414,4107
2022-01-28,Vermont,50,103066,532
2022-01-28,Virgin Islands,78,14802,99
2022-01-28,Virginia,51,1525603,16127
2022-01-28,Washington,53,1294536,10756
2022-01-28,West Virginia,54,438889,5743
2022-01-28,Wisconsin,55,1503538,12291
2022-01-28,Wyoming,56,144526,1625
2022-01-29,Alabama,01,1206308,17086
2022-01-29,Alaska,02,211117,1057
2022-01-29,American Samoa,60,18,0
2022-01-29,Arizona,04,1844912,26183
2022-01-29,Arkansas,05,768061,9622
2022-01-29,California,06,8270373,80004
2022-01-29,Colorado,08,1240714,11218
2022-01-29,Connecticut,09,696070,9985
2022-01-29,Delaware,10,246959,2531
2022-01-29,District of Columbia,11,129817,1284
2022-01-29,Florida,12,5501599,64955
2022-01-29,Georgia,13,2281370,31595
2022-01-29,Guam,66,32007,286
2022-01-29,Hawaii,15,210085,1170
2022-01-29,Idaho,16,377804,4407
2022-01-29,Illinois,17,2901790,34439
2022-01-29,Indiana,18,1607951,21301
2022-01-29,Iowa,19,712288,8501
2022-01-29,Kansas,20,723285,7550
2022-01-29,Kentucky,21,1154036,12905
2022-01-29,Louisiana,22,1160130,15631
2022-01-29,Maine,23,174225,1738
2022-01-29,Maryland,24,952528,13432
2022-01-29,Massachusetts,25,1598451,21909
2022-01-29,Michigan,26,2229405,32159
2022-01-29,Minnesota,27,1309815,11532
2022-01-29,Mississippi,28,717666,10831
2022-01-29,Missouri,29,1337639,17403
2022-01-29,Montana,30,239559,2997
2022-01-29,Nebraska,31,435358,3666
2022-01-29,Nevada,32,648088,8914
2022-01-29,New Hampshire,33,272492,2205
2022-01-29,New Jersey,34,2107606,31391
2022-01-29,New Mexico,35,470513,6419
2022-01-29,New York,36,4774123,64113
2022-01-29,North Carolina,37,2373587,20605
2022-01-29,North Dakota,38,222695,2140
2022-01-29,Northern Mariana Islands,69,4772,23
2022-01-29,Ohio,39,2571021,33071
2022-01-29,Oklahoma,40,953116,12044
2022-01-29,Oregon,41,620653,6086
2022-01-29,Pennsylvania,42,2649247,40548
2022-01-29,Puerto Rico,72,488623,3837
2022-01-29,Rhode Island,44,341407,3302
2022-01-29,South Carolina,45,1355116,15266
2022-01-29,South Dakota,46,225383,2637
2022-01-29,Tennessee,47,1802927,22231
2022-01-29,Texas,48,6166582,79519
2022-01-29,Utah,49,875414,4107
2022-01-29,Vermont,50,103549,533
2022-01-29,Virgin Islands,78,14802,99
2022-01-29,Virginia,51,1525603,16127
2022-01-29,Washington,53,1294536,10756
2022-01-29,West Virginia,54,442206,5743
2022-01-29,Wisconsin,55,1503538,12291
2022-01-29,Wyoming,56,144526,1625
2022-01-30,Alabama,01,1212798,17086
2022-01-30,Alaska,02,211117,1057
2022-01-30,American Samoa,60,18,0
2022-01-30,Arizona,04,1858385,26206
2022-01-30,Arkansas,05,768061,9622
2022-01-30,California,06,8287535,80038
2022-01-30,Colorado,08,1245392,11263
2022-01-30,Connecticut,09,696070,9985
2022-01-30,Delaware,10,247638,2531
2022-01-30,District of Columbia,11,129817,1284
2022-01-30,Florida,12,5501599,64955
2022-01-30,Georgia,13,2281370,31595
2022-01-30,Guam,66,32773,286
2022-01-30,Hawaii,15,212768,1177
2022-01-30,Idaho,16,377804,4407
2022-01-30,Illinois,17,2901790,34439
2022-01-30,Indiana,18,1607951,21301
2022-01-30,Iowa,19,712288,8501
2022-01-30,Kansas,20,723285,7550
2022-01-30,Kentucky,21,1155055,12905
2022-01-30,Louisiana,22,1160130,15631
2022-01-30,Maine,23,174225,1738
2022-01-30,Maryland,24,954469,13465
2022-01-30,Massachusetts,25,1598451,21909
2022-01-30,Michigan,26,2229405,32159
2022-01-30,Minnesota,27,1309815,11532
2022-01-30,Mississippi,28,717666,10831
2022-01-30,Missouri,29,1340281,17404
2022-01-30,Montana,30,239559,2997
2022-01-30,Nebraska,31,435358,3666
2022-01-30,Nevada,32,648088,8914
2022-01-30,New Hampshire,33,272492,2205
2022-01-30,New Jersey,34,2109783,31412
2022-01-30,New Mexico,35,470513,6419
2022-01-30,New York,36,4779854,64176
2022-01-30,North Carolina,37,2373587,20605
2022-01-30,North Dakota,38,223409,2140
2022-01-30,Northern Mariana Islands,69,4795,23
2022-01-30,Ohio,39,2576245,33071
2022-01-30,Oklahoma,40,953116,12044
2022-01-30,Oregon,41,620653,6086
2022-01-30,Pennsylvania,42,2656587,40563
2022-01-30,Puerto Rico,72,490238,3854
2022-01-30,Rhode Island,44,341407,3302
2022-01-30,South Carolina,45,1355116,15266
2022-01-30,South Dakota,46,225383,2637
2022-01-30,Tennessee,47,1802927,22231
2022-01-30,Texas,48,6192817,79621
2022-01-30,Utah,49,875414,4107
2022-01-30,Vermont,50,104160,533
2022-01-30,Virgin Islands,78,14802,99
2022-01-30,Virginia,51,1525603,16127
2022-01-30,Washington,53,1294536,10756
2022-01-30,West Virginia,54,445061,5743
2022-01-30,Wisconsin,55,1503538,12291
2022-01-30,Wyoming,56,144526,1625
2022-01-31,Alabama,01,1218257,17086
2022-01-31,Alaska,02,215643,1057
2022-01-31,American Samoa,60,18,0
2022-01-31,Arizona,04,1870644,26205
2022-01-31,Arkansas,05,776759,9634
2022-01-31,California,06,8411819,80267
2022-01-31,Colorado,08,1258871,11339
2022-01-31,Connecticut,09,699400,10010
2022-01-31,Delaware,10,248111,2531
2022-01-31,District of Columbia,11,130888,1289
2022-01-31,Florida,12,5535803,65265
2022-01-31,Georgia,13,2302164,31697
2022-01-31,Guam,66,33300,291
2022-01-31,Hawaii,15,214249,1178
2022-01-31,Idaho,16,380402,4423
2022-01-31,Illinois,17,2925690,34704
2022-01-31,Indiana,18,1627324,21356
2022-01-31,Iowa,19,712288,8501
2022-01-31,Kansas,20,731036,7565
2022-01-31,Kentucky,21,1172511,12974
2022-01-31,Louisiana,22,1170212,15674
2022-01-31,Maine,23,174225,1738
2022-01-31,Maryland,24,955537,13484
2022-01-31,Massachusetts,25,1611594,22034
2022-01-31,Michigan,26,2252688,32225
2022-01-31,Minnesota,27,1321903,11561
2022-01-31,Mississippi,28,727418,10935
2022-01-31,Missouri,29,1345787,17421
2022-01-31,Montana,30,242930,3004
2022-01-31,Nebraska,31,439326,3666
2022-01-31,Nevada,32,656898,8951
2022-01-31,New Hampshire,33,276856,2209
2022-01-31,New Jersey,34,2111856,31442
2022-01-31,New Mexico,35,480087,6456
2022-01-31,New York,36,4789532,64247
2022-01-31,North Carolina,37,2421306,20767
2022-01-31,North Dakota,38,223767,2140
2022-01-31,Northern Mariana Islands,69,4795,23
2022-01-31,Ohio,39,2580405,33071
2022-01-31,Oklahoma,40,976914,12044
2022-01-31,Oregon,41,633876,6100
2022-01-31,Pennsylvania,42,2661481,40581
2022-01-31,Puerto Rico,72,491116,3855
2022-01-31,Rhode Island,44,343779,3316
2022-01-31,South Carolina,45,1385019,15480
2022-01-31,South Dakota,46,226413,2650
2022-01-31,Tennessee,47,1802927,22231
2022-01-31,Texas,48,6219346,79694
2022-01-31,Utah,49,885686,4118
2022-01-31,Vermont,50,104472,536
2022-01-31,Virgin Islands,78,14870,101
2022-01-31,Virginia,51,1545650,16217
2022-01-31,Washington,53,1335737,10838
2022-01-31,West Virginia,54,446771,5763
2022-01-31,Wisconsin,55,1516634,12374
2022-01-31,Wyoming,56,146505,1625
